generation,best,mean,median,alive,laps,best_lap
0,141.16470336914062,16.446704864501953,0.13942362368106842,0,0,
1,141.16470336914062,29.310544967651367,14.728960037231445,0,0,
2,190.41461181640625,40.171939849853516,30.860198974609375,0,0,
3,402.608642578125,46.557044982910156,30.448942184448242,1,0,
4,402.608642578125,46.05952453613281,29.716453552246094,1,0,
5,402.608642578125,47.02181625366211,29.991012573242188,1,0,
6,5150.54833984375,150.84519958496094,31.8992919921875,1,0,
7,5150.54833984375,153.19557189941406,28.581453323364258,1,0,
8,5150.54833984375,153.3549346923828,31.25035858154297,1,0,
9,5150.54833984375,159.49342346191406,38.564842224121094,1,0,
10,5150.54833984375,159.91062927246094,41.987220764160156,1,0,
11,5150.54833984375,212.53741455078125,42.08674621582031,1,0,
12,5353.58544921875,267.07952880859375,44.61076736450195,1,0,
13,5353.58544921875,324.2327575683594,47.07203674316406,1,0,
14,5353.58544921875,431.76641845703125,66.99066162109375,0,0,
15,10167.751953125,524.186767578125,58.350830078125,1,1,23.48314666748047
16,10194.41796875,671.3218994140625,50.64456558227539,2,1,21.933170318603516
17,10194.41796875,687.705322265625,86.23988342285156,2,1,21.933170318603516
18,10249.333984375,639.6661376953125,71.2162857055664,3,1,15.316604614257812
19,10249.333984375,942.71337890625,83.08984375,5,1,15.316604614257812
20,10249.333984375,962.241455078125,115.36798858642578,5,1,15.316604614257812
21,10249.333984375,1305.1151123046875,112.72655487060547,8,1,15.316604614257812
22,10268.5,1170.774169921875,111.64170837402344,9,1,14.349952697753906
23,10268.5,1408.789794921875,119.22937774658203,10,1,14.349952697753906
24,10268.5,2596.936279296875,139.39874267578125,22,1,14.349952697753906
25,10268.5,1806.612060546875,119.3835220336914,14,1,14.349952697753906
26,10276.5,1900.772216796875,124.68217468261719,18,1,12.366649627685547
27,10276.5,2784.86474609375,214.37826538085938,22,1,12.366649627685547
28,10276.5,3322.175048828125,242.56671142578125,25,1,12.366649627685547
29,10276.5,4027.389892578125,529.4385986328125,30,1,12.366649627685547
30,10276.5,4135.60400390625,462.6507568359375,35,1,12.366649627685547
31,10289.166015625,4502.81103515625,5149.39599609375,35,1,11.316665649414062
32,10289.166015625,4602.50146484375,5173.5859375,37,1,11.316665649414062
33,10289.4169921875,4294.08837890625,466.63006591796875,38,1,11.283332824707031
34,10289.4169921875,4147.1298828125,500.4320983886719,37,1,11.283332824707031
35,10289.4169921875,4462.81201171875,2832.728271484375,37,1,11.283332824707031
36,10289.4169921875,5301.14892578125,5211.87060546875,42,1,11.283332824707031
37,10289.4169921875,4880.1123046875,5203.83984375,42,1,11.283332824707031
38,10290.583984375,5797.5400390625,5391.98046875,48,1,11.10000228881836
39,10291.416015625,5685.45703125,5386.51171875,50,1,10.916671752929688
40,10291.416015625,5772.04736328125,5373.8251953125,47,1,10.916671752929688
41,10291.416015625,6439.6201171875,10137.5859375,59,1,10.916671752929688
42,10294.083984375,6503.2216796875,10089.7109375,59,1,10.700008392333984
43,10294.083984375,5172.62451171875,5212.287109375,47,1,10.700008392333984
44,10294.5,6391.69921875,10124.1689453125,54,1,10.700008392333984
45,10294.5,6883.357421875,10155.876953125,59,1,10.700008392333984
46,10294.5,6748.89990234375,10169.126953125,59,1,10.700008392333984
47,10294.5,7964.51171875,10253.0419921875,72,1,10.700008392333984
48,10296.583984375,8518.6650390625,10266.583984375,74,1,10.383346557617188
49,10296.583984375,8194.314453125,10271.625,71,1,10.383346557617188
50,10296.583984375,8931.767578125,10276.0419921875,80,1,10.383346557617188
51,10298.0830078125,8513.16796875,10279.833984375,71,1,10.233348846435547
52,10298.0830078125,8650.0283203125,10285.8330078125,71,1,10.233348846435547
53,10298.0830078125,8625.6376953125,10288.875,71,1,10.233348846435547
54,10298.0830078125,9167.537109375,10292.4580078125,80,1,10.233348846435547
55,10298.8330078125,8835.2060546875,10291.6669921875,69,1,10.166683197021484
56,10298.8330078125,8787.3134765625,10291.0419921875,70,1,10.166683197021484
57,10299.416015625,8832.8193359375,10293.4580078125,72,1,10.133350372314453
58,10300.3330078125,9071.0244140625,10293.9580078125,75,1,10.000019073486328
59,10301.166015625,9070.5185546875,10294.791015625,79,1,9.883354187011719
60,10301.166015625,9175.3134765625,10295.541015625,78,1,9.883354187011719
61,10301.166015625,9174.509765625,10295.375,78,1,9.883354187011719
62,10302.416015625,9175.078125,10296.458984375,81,1,9.76668930053711
63,10302.416015625,8833.3876953125,10296.625,72,1,9.76668930053711
64,10302.416015625,9368.828125,10298.166015625,82,1,9.76668930053711
65,10302.5,9173.6513671875,10299.3330078125,80,1,9.76668930053711
66,10302.8330078125,8940.291015625,10299.541015625,75,1,9.733356475830078
67,10302.8330078125,9127.5654296875,10299.916015625,79,1,9.733356475830078
68,10303.8330078125,9085.7734375,10300.8330078125,78,1,9.633358001708984
69,10303.8330078125,9472.005859375,10301.166015625,83,1,9.633358001708984
70,10304.416015625,9469.36328125,10301.5,84,1,9.566692352294922
71,10304.666015625,9716.5244140625,10302.041015625,88,1,9.566692352294922
72,10304.916015625,9531.9521484375,10302.3330078125,84,1,9.566692352294922
73,10304.916015625,9469.7294921875,10302.666015625,83,1,9.550025939941406
74,10305.0,8985.6962890625,10303.0,74,1,9.550025939941406
75,10305.5830078125,9130.35546875,10303.416015625,75,1,9.483360290527344
76,10305.5830078125,9325.4521484375,10303.916015625,80,1,9.466693878173828
77,10305.8330078125,9526.1904296875,10304.25,83,1,9.433361053466797
78,10305.916015625,9478.853515625,10304.3330078125,82,1,9.433361053466797
79,10306.5830078125,9718.0419921875,10304.7080078125,86,1,9.38336181640625
80,10306.5830078125,9574.951171875,10305.0,85,1,9.38336181640625
81,10306.5830078125,9042.0400390625,10304.9580078125,75,1,9.38336181640625
82,10306.666015625,9573.85546875,10305.3330078125,84,1,9.350028991699219
83,10306.75,9380.2001953125,10305.5,81,1,9.350028991699219
84,10307.3330078125,8981.7392578125,10305.125,72,1,9.333362579345703
85,10307.3330078125,9473.12109375,10305.666015625,83,1,9.316696166992188
86,10307.3330078125,9574.5595703125,10305.916015625,81,1,9.316696166992188
87,10307.5,9473.5498046875,10306.041015625,83,1,9.283363342285156
88,10307.75,9430.3017578125,10306.3330078125,82,1,9.23336410522461
89,10307.8330078125,9864.1640625,10306.5830078125,90,1,9.23336410522461
90,10308.166015625,9327.677734375,10306.5830078125,79,1,9.216697692871094
91,10308.166015625,9769.1435546875,10307.041015625,87,1,9.200031280517578
92,10308.3330078125,9621.8720703125,10307.166015625,85,1,9.183364868164062
93,10308.3330078125,9471.5400390625,10307.041015625,83,1,9.183364868164062
94,10308.8330078125,9769.4638671875,10307.375,89,1,9.166698455810547
95,10308.8330078125,9520.8447265625,10307.5,84,1,9.166698455810547
96,10309.0,9666.9150390625,10307.791015625,87,1,9.100032806396484
97,10309.0830078125,9524.0693359375,10307.8330078125,84,1,9.100032806396484
98,10309.416015625,9522.416015625,10307.8330078125,85,1,9.066699981689453
99,10309.416015625,9966.68359375,10308.25,93,1,9.066699981689453
100,10309.5,9672.0732421875,10308.375,89,1,9.066699981689453
101,10309.666015625,9724.2705078125,10308.416015625,88,1,9.050033569335938
102,10309.8330078125,9913.6328125,10308.75,92,1,9.050033569335938
103,10310.0830078125,10014.619140625,10308.7080078125,94,1,9.016700744628906
104,10310.166015625,9717.11328125,10308.8330078125,88,1,9.016700744628906
105,10310.5830078125,9722.029296875,10309.0830078125,86,1,8.950035095214844
106,10310.5830078125,9866.79296875,10309.25,90,1,8.950035095214844
107,10310.5830078125,9623.689453125,10309.25,85,1,8.950035095214844
108,10310.5830078125,10014.1904296875,10309.291015625,94,1,8.950035095214844
109,10310.5830078125,9963.6416015625,10309.791015625,93,1,8.950035095214844
110,10310.8330078125,10063.7392578125,10309.75,95,1,8.916702270507812
111,10310.916015625,10063.7626953125,10309.8330078125,95,1,8.916702270507812
112,10311.0,10014.8408203125,10310.0,94,1,8.916702270507812
113,10311.0830078125,10015.1142578125,10310.166015625,94,1,8.916702270507812
114,10311.166015625,10016.21875,10310.291015625,94,1,8.916702270507812
115,10311.5,10162.87890625,10310.5,97,1,8.883369445800781
116,10311.5,9916.7353515625,10310.541015625,92,1,8.866703033447266
117,10311.5830078125,10013.794921875,10310.5830078125,94,1,8.85003662109375
118,10311.666015625,10163.078125,10310.791015625,97,1,8.85003662109375
119,10311.666015625,10261.5986328125,10311.0,99,1,8.85003662109375
120,10312.0,10261.6162109375,10310.9580078125,99,1,8.816703796386719
121,10312.0,10163.431640625,10311.0830078125,97,1,8.816703796386719
122,10312.0,10016.1708984375,10311.166015625,94,1,8.816703796386719
123,10312.0830078125,10261.9453125,10311.166015625,99,1,8.816703796386719
124,10312.0830078125,10019.0478515625,10311.3330078125,94,1,8.816703796386719
125,10312.25,10262.2685546875,10311.5,99,1,8.800037384033203
126,10312.25,10311.234375,10311.541015625,100,1,8.783370971679688
127,10312.3330078125,10163.98828125,10311.5,97,1,8.766704559326172
128,10312.5,10262.291015625,10311.666015625,99,1,8.766704559326172
129,10312.5,10213.3408203125,10311.791015625,98,1,8.766704559326172
130,10312.666015625,10262.3720703125,10311.8330078125,99,1,8.750038146972656
131,10312.666015625,10213.34765625,10311.8330078125,98,1,8.750038146972656
132,10312.666015625,10164.1826171875,10311.916015625,97,1,8.750038146972656
133,10313.0,10262.486328125,10311.916015625,99,1,8.73337173461914
134,10313.0,10213.44140625,10312.0830078125,98,1,8.73337173461914
135,10313.0,10164.3466796875,10312.166015625,97,1,8.73337173461914
136,10313.0,10262.7685546875,10312.0830078125,99,1,8.716705322265625
137,10313.0,10213.66015625,10312.25,98,1,8.716705322265625
138,10313.166015625,10262.541015625,10312.0830078125,98,1,8.716705322265625
139,10313.166015625,10164.552734375,10312.3330078125,97,1,8.70003890991211
140,10313.166015625,10262.8564453125,10312.3330078125,99,1,8.70003890991211
141,10313.166015625,10262.9482421875,10312.5,99,1,8.70003890991211
142,10313.25,10312.203125,10312.541015625,100,1,8.683372497558594
143,10313.416015625,10262.9375,10312.5,99,1,8.683372497558594
144,10313.416015625,10263.173828125,10312.541015625,99,1,8.666706085205078
145,10313.416015625,10312.33984375,10312.625,100,1,8.666706085205078
146,10313.5,10312.3125,10312.5830078125,100,1,8.666706085205078
147,10313.5830078125,10263.375,10312.791015625,99,1,8.650039672851562
148,10313.5830078125,10312.6064453125,10312.75,100,1,8.650039672851562
149,10313.5830078125,10312.6279296875,10312.916015625,100,1,8.650039672851562
150,10313.666015625,10214.26953125,10313.041015625,98,1,8.650039672851562
151,10313.75,10312.6728515625,10313.0830078125,100,1,8.633373260498047
152,10313.8330078125,10312.7841796875,10313.0830078125,100,1,8.633373260498047
153,10313.916015625,10263.7353515625,10313.166015625,99,1,8.633373260498047
154,10314.0830078125,10312.83984375,10313.0830078125,100,1,8.616706848144531
155,10314.0830078125,10312.86328125,10313.2080078125,100,1,8.616706848144531
156,10314.0830078125,10312.9580078125,10313.25,100,1,8.616706848144531
157,10314.0830078125,10313.0771484375,10313.3330078125,100,1,8.600040435791016
158,10314.0830078125,10313.1943359375,10313.5,100,1,8.600040435791016
159,10314.25,10313.3515625,10313.5830078125,100,1,8.5833740234375
160,10314.25,10313.45703125,10313.5830078125,100,1,8.5833740234375
161,10314.25,10313.4541015625,10313.625,100,1,8.5833740234375
162,10314.25,10313.4921875,10313.7080078125,100,1,8.5833740234375
163,10314.25,10313.3544921875,10313.5830078125,100,1,8.5833740234375
164,10314.416015625,10313.466796875,10313.8330078125,100,1,8.566707611083984
165,10314.5,10313.513671875,10313.75,100,1,8.550041198730469
166,10314.5,10313.3095703125,10313.5830078125,100,1,8.550041198730469
167,10314.5,10313.505859375,10313.75,100,1,8.550041198730469
168,10314.5,10313.6123046875,10313.916015625,100,1,8.550041198730469
169,10314.5,10313.6103515625,10313.8330078125,100,1,8.550041198730469
170,10314.5,10313.544921875,10313.8330078125,100,1,8.550041198730469
171,10314.666015625,10313.80078125,10314.041015625,100,1,8.533374786376953
172,10314.666015625,10313.771484375,10314.0830078125,100,1,8.533374786376953
173,10314.666015625,10313.86328125,10314.0,100,1,8.533374786376953
174,10314.666015625,10313.9931640625,10314.0830078125,100,1,8.533374786376953
175,10314.666015625,10313.8330078125,10314.0830078125,100,1,8.533374786376953
176,10314.666015625,10313.98828125,10314.125,100,1,8.533374786376953
177,10314.75,10313.791015625,10314.0830078125,100,1,8.533374786376953
178,10314.916015625,10314.0234375,10314.166015625,100,1,8.516708374023438
179,10314.916015625,10313.94921875,10314.25,100,1,8.516708374023438
180,10314.916015625,10314.1123046875,10314.25,100,1,8.516708374023438
181,10314.916015625,10314.140625,10314.3330078125,100,1,8.516708374023438
182,10314.916015625,10314.1640625,10314.416015625,100,1,8.516708374023438
183,10314.916015625,10314.0498046875,10314.3330078125,100,1,8.516708374023438
184,10314.916015625,10314.271484375,10314.3330078125,100,1,8.516708374023438
185,10315.0,10314.244140625,10314.416015625,100,1,8.516708374023438
186,10315.0,10314.2685546875,10314.416015625,100,1,8.516708374023438
187,10315.166015625,10314.31640625,10314.5,100,1,8.483375549316406
188,10315.166015625,10314.2998046875,10314.416015625,100,1,8.483375549316406
189,10315.166015625,10314.365234375,10314.5,100,1,8.483375549316406
190,10315.166015625,10314.24609375,10314.5830078125,100,1,8.483375549316406
191,10315.166015625,10314.3740234375,10314.5,100,1,8.483375549316406
192,10315.166015625,10314.3115234375,10314.4580078125,100,1,8.483375549316406
193,10315.166015625,10314.4990234375,10314.666015625,100,1,8.483375549316406
194,10315.166015625,10314.5478515625,10314.7080078125,100,1,8.483375549316406
195,10315.25,10314.4541015625,10314.5830078125,100,1,8.483375549316406
196,10315.25,10314.4423828125,10314.666015625,100,1,8.483375549316406
197,10315.25,10314.51953125,10314.75,100,1,8.483375549316406
198,10315.25,10314.486328125,10314.75,100,1,8.483375549316406
199,10315.3330078125,10314.6591796875,10314.8330078125,100,1,8.46670913696289
